"","Survived","Pclass","Surname","Sex","Age","SibSp","Parch","Embarked","TicketOwners","PricePerPerson"
"1","Yes","1st","Cherry","female",30,0,0,"Southampton",3,28.8333333333333
"2","Yes","1st","Rothes","female",33,0,0,"Southampton",3,28.8333333333333
"3","Yes","1st","Maioni","female",16,0,0,"Southampton",3,28.8333333333333
"4","Yes","1st","Taussig","female",39,1,1,"Southampton",3,26.55
"5","Not","1st","Taussig","male",52,1,1,"Southampton",3,26.55
"6","Yes","1st","Taussig","female",18,0,2,"Southampton",3,26.55
"7","Not","1st","Porter","male",47,0,0,"Southampton",2,26
"8","Not","1st","Clifford","male",28,0,0,"Southampton",2,26
"9","Yes","1st","Bjornstrom","male",28,0,0,"Southampton",1,26.55
"10","Yes","1st","Warren","female",60,1,0,"Cherbourg",1,75.25
"11","Not","1st","Van","male",61,0,0,"Southampton",1,33.5
"12","Not","1st","Gee","male",47,0,0,"Southampton",1,38.5
"13","Yes","1st","Hippach","female",44,0,1,"Cherbourg",2,28.9896
"14","Yes","1st","Hippach","female",16,0,1,"Cherbourg",2,28.9896
"15","Yes","1st","Behr","male",26,0,0,"Cherbourg",1,30
"16","Yes","1st","Homer","male",35,0,0,"Cherbourg",1,26.55
"17","Yes","1st","Bradley","male",28,0,0,"Southampton",1,26.55
"18","Yes","1st","Romaine","male",45,0,0,"Southampton",1,26.55
"19","Not","1st","Andrews","male",39,0,0,"Southampton",1,35.25
"20","Not","1st","Parr","male",28,0,0,"Southampton",1,35.25
"21","Yes","1st","Graham","female",19,0,0,"Southampton",1,30
"22","Not","1st","Fry","male",28,0,0,"Southampton",1,35.25
"23","Not","1st","Harrison","male",40,0,0,"Southampton",1,35.25
"24","Yes","1st","Blank","male",40,0,0,"Cherbourg",1,31
"25","Not","1st","Brewe","male",28,0,0,"Cherbourg",1,39.6
"26","Not","1st","Klaber","male",28,0,0,"Southampton",1,26.55
"27","Not","1st","Partner","male",45.5,0,0,"Southampton",1,28.5
"28","Not","1st","Butt","male",45,0,0,"Southampton",1,26.55
"29","Not","1st","Foreman","male",30,0,0,"Cherbourg",1,27.75
"30","Yes","1st","Daly","male",51,0,0,"Southampton",1,26.55
"31","Not","1st","Smith","male",28,0,0,"Southampton",1,26
"32","Not","1st","Carrau","male",28,0,0,"Southampton",1,47.1
"33","Not","1st","Long","male",29,0,0,"Southampton",1,30
"34","Not","1st","Widener","male",27,0,2,"Cherbourg",1,211.5
"35","Yes","1st","Chibnall","female",28,0,1,"Southampton",2,27.5
"36","Yes","1st","Bowerman","female",22,0,1,"Southampton",2,27.5
"37","Not","1st","Ostby","male",65,0,1,"Cherbourg",1,61.9792
"38","Not","1st","Williams","male",28,0,0,"Southampton",1,35
"39","Not","1st","Stead","male",62,0,0,"Southampton",1,26.55
"40","Yes","1st","Stone","female",62,0,0,"Cherbourg",2,40
"41","Yes","1st","Icard","female",38,0,0,"Cherbourg",2,40
"42","Yes","1st","Carter","female",14,1,2,"Southampton",4,30
"43","Yes","1st","Carter","male",36,1,2,"Southampton",4,30
"44","Yes","1st","Carter","male",11,1,2,"Southampton",4,30
"45","Yes","1st","Carter","female",36,1,2,"Southampton",4,30
"46","Not","1st","Rood","male",28,0,0,"Southampton",1,50
"47","Not","1st","Marvin","male",19,1,0,"Southampton",1,53.1
"48","Not","1st","Pears","male",29,1,0,"Southampton",2,33.3
"49","Yes","1st","Pears","female",22,1,0,"Southampton",2,33.3
"50","Not","1st","Allison","female",25,1,2,"Southampton",4,37.8875
"51","Yes","1st","Allison","male",0.92,1,2,"Southampton",4,37.8875
"52","Not","1st","Allison","female",2,1,2,"Southampton",4,37.8875
"53","Yes","1st","Cleaver","female",22,0,0,"Southampton",4,37.8875
"54","Yes","1st","Bonnell","female",58,0,0,"Southampton",1,26.55
"55","Not","1st","Blackwell","male",45,0,0,"Southampton",1,35.5
"56","Yes","1st","Peuchen","male",52,0,0,"Southampton",1,30.5
"57","Not","1st","Molson","male",55,0,0,"Southampton",1,30.5
"58","Yes","1st","Sloper","male",28,0,0,"Southampton",1,35.5
"59","Yes","1st","Holverson","female",35,1,0,"Southampton",2,26
"60","Not","1st","Holverson","male",42,1,0,"Southampton",2,26
"61","Not","1st","Smart","male",56,0,0,"Southampton",1,26.55
"62","Yes","1st","Seward","male",34,0,0,"Southampton",1,26.55
"63","Not","1st","Harrington","male",28,0,0,"Southampton",1,42.4
"64","Not","1st","Cairns","male",28,0,0,"Southampton",2,15.5
"65","Yes","1st","Serepeca","female",30,0,0,"Cherbourg",2,15.5
"66","Not","1st","Weir","male",60,0,0,"Southampton",1,26.55
"67","Yes","1st","Futrelle","female",35,1,0,"Southampton",2,26.55
"68","Not","1st","Futrelle","male",37,1,0,"Southampton",2,26.55
"69","Yes","1st","Daniel","male",27,0,0,"Southampton",1,30.5
"70","Yes","1st","Chambers","female",33,1,0,"Southampton",2,26.55
"71","Yes","1st","Chambers","male",27,1,0,"Southampton",2,26.55
"72","Not","1st","Wright","male",62,0,0,"Southampton",1,26.55
"73","Not","2nd","Turpin","male",29,1,0,"Southampton",2,10.5
"74","Not","2nd","Turpin","female",27,1,0,"Southampton",2,10.5
"75","Yes","1st","Beckwith","male",37,1,1,"Southampton",2,26.2771
"76","Yes","1st","Beckwith","female",47,1,1,"Southampton",2,26.2771
"77","Yes","1st","Newsom","female",19,0,2,"Southampton",1,26.2833
"78","Yes","1st","Kimball","male",42,1,0,"Southampton",1,52.5542
"79","Yes","1st","Duff","female",48,1,0,"Cherbourg",1,39.6
"80","Yes","1st","Harder","male",25,1,0,"Cherbourg",1,55.4417
"81","Yes","1st","Hays","female",24,0,0,"Cherbourg",2,41.57915
"82","Yes","1st","Potter","female",56,0,1,"Cherbourg",2,41.57915
"83","Yes","1st","Appleton","female",53,2,0,"Southampton",1,51.4792
"84","Not","1st","Kent","male",58,0,0,"Cherbourg",1,29.7
"85","Yes","1st","Marechal","male",28,0,0,"Cherbourg",1,29.7
"86","Yes","1st","Bazzani","female",32,0,0,"Cherbourg",1,76.2917
"87","Yes","1st","Bishop","female",19,1,0,"Cherbourg",2,45.5396
"88","Yes","1st","Bishop","male",25,1,0,"Cherbourg",2,45.5396
"89","Not","2nd","Gillespie","male",34,0,0,"Southampton",1,13
"90","Not","3rd","Keane","male",28,0,0,"Queenstown",1,7.75
"91","Yes","1st","Hays","female",52,1,1,"Southampton",2,46.75
"92","Yes","1st","Perreault","female",30,0,0,"Southampton",2,46.75
"93","Not","1st","Ross","male",36,0,0,"Cherbourg",1,40.125
"94","Yes","1st","Simonius","male",56,0,0,"Cherbourg",1,35.5
"95","Yes","1st","Stahelin","male",32,0,0,"Cherbourg",1,30.5
"96","Yes","1st","Longley","female",21,0,0,"Southampton",3,25.9861
"97","Yes","1st","Hogeboom","female",51,1,0,"Southampton",3,25.9861
"98","Yes","1st","Andrews","female",63,1,0,"Southampton",3,25.9861
"99","Not","1st","Silvey","male",50,1,0,"Southampton",2,27.95
"100","Yes","1st","Silvey","female",39,1,0,"Southampton",2,27.95
"101","Not","1st","Millet","male",65,0,0,"Southampton",1,26.55
"102","Yes","1st","Frolicher","male",60,1,1,"Cherbourg",1,79.2
"103","Yes","1st","Frolicher","female",22,0,2,"Cherbourg",1,49.5
"104","Yes","3rd","O","female",28,0,0,"Queenstown",1,7.75
"105","Yes","3rd","Kelly","female",28,0,0,"Queenstown",1,7.75
"106","Yes","3rd","Jermyn","female",28,0,0,"Queenstown",1,7.75
"107","Not","3rd","Gilinski","male",22,0,0,"Southampton",1,8.05
"108","Yes","3rd","Lam","male",28,0,0,"Southampton",7,8.07082857142857
"109","Yes","3rd","Chip","male",32,0,0,"Southampton",7,8.07082857142857
"110","Yes","3rd","Foo","male",28,0,0,"Southampton",7,8.07082857142857
"111","Not","3rd","Lam","male",28,0,0,"Southampton",7,8.07082857142857
"112","Not","3rd","Ling","male",28,0,0,"Southampton",7,8.07082857142857
"113","Yes","3rd","Lang","male",26,0,0,"Southampton",7,8.07082857142857
"114","Yes","3rd","Bing","male",32,0,0,"Southampton",7,8.07082857142857
"115","Yes","1st","Spedden","female",40,1,1,"Cherbourg",2,67.25
"116","Yes","1st","Burns","female",41,0,0,"Cherbourg",2,67.25
"117","Yes","1st","Hawksford","male",28,0,0,"Southampton",1,30
"118","Yes","1st","Fleming","female",28,0,0,"Cherbourg",4,27.720825
"119","Yes","1st","Thayer","female",39,1,1,"Cherbourg",4,27.720825
"120","Yes","1st","Thayer","male",17,0,2,"Cherbourg",4,27.720825
"121","Not","1st","Thayer","male",49,1,1,"Cherbourg",4,27.720825
"122","Yes","1st","Goldenberg","female",28,1,0,"Cherbourg",2,44.5521
"123","Yes","1st","Goldenberg","male",49,1,0,"Cherbourg",2,44.5521
"124","Not","1st","McCarthy","male",54,0,0,"Southampton",1,51.8625
"125","Yes","1st","Kenyon","female",28,1,0,"Southampton",1,51.8625
"126","Yes","1st","Leader","female",49,0,0,"Southampton",1,25.9292
"127","Yes","1st","Swift","female",48,0,0,"Southampton",1,25.9292
"128","Yes","1st","Dick","male",31,1,0,"Southampton",2,28.5
"129","Yes","1st","Dick","female",17,1,0,"Southampton",2,28.5
"130","Not","1st","Smith","male",56,0,0,"Cherbourg",1,30.6958
"131","Not","1st","Cavendish","male",36,1,0,"Southampton",2,39.425
"132","Yes","1st","Barber","female",26,0,0,"Southampton",2,39.425
"133","Yes","1st","Minahan","female",33,1,0,"Queenstown",2,45
"134","Not","1st","Minahan","male",44,2,0,"Queenstown",2,45
"135","Yes","1st","Hoyt","female",35,1,0,"Southampton",2,45
"136","Yes","1st","Hoyt","male",38,1,0,"Southampton",2,45
"137","Yes","1st","Woolner","male",28,0,0,"Southampton",1,35.5
"138","Not","1st","Fortune","male",64,1,4,"Southampton",4,65.75
"139","Not","1st","Fortune","male",19,3,2,"Southampton",4,65.75
"140","Yes","1st","Fortune","female",24,3,2,"Southampton",4,65.75
"141","Yes","1st","Fortune","female",23,3,2,"Southampton",4,65.75
"142","Yes","1st","Anderson","male",48,0,0,"Southampton",1,26.55
"143","Not","1st","Reuchlin","male",38,0,0,"Southampton",1,35.25
"144","Yes","1st","Saalfeld","male",28,0,0,"Southampton",1,30.5
"145","Yes","1st","Taylor","male",48,1,0,"Southampton",2,26
"146","Yes","1st","Taylor","female",28,1,0,"Southampton",2,26
"147","Yes","2nd","Clarke","female",28,1,0,"Southampton",1,26
"148","Not","2nd","Montvila","male",27,0,0,"Southampton",1,13
"149","Not","3rd","Green","male",51,0,0,"Southampton",1,8.05
"150","Not","2nd","Norman","male",28,0,0,"Southampton",1,13.5
"151","Not","2nd","Kirkland","male",57,0,0,"Queenstown",1,12.35
"152","Not","2nd","Bracken","male",27,0,0,"Southampton",1,13
"153","Yes","2nd","Herman","female",48,1,2,"Southampton",2,32.5
"154","Yes","2nd","Herman","female",24,1,2,"Southampton",2,32.5
"155","Not","3rd","Allum","male",18,0,0,"Southampton",1,8.3
"156","Yes","2nd","Kelly","female",45,0,0,"Southampton",1,13.5
"157","Yes","2nd","Keane","female",28,0,0,"Queenstown",1,12.35
"158","Yes","2nd","Angle","female",36,1,0,"Southampton",1,26
"159","Yes","2nd","Weisz","female",29,1,0,"Southampton",1,26
"160","Not","2nd","Fox","male",36,0,0,"Southampton",1,13
"161","Yes","2nd","Navratil","male",3,1,1,"Southampton",3,8.66666666666667
"162","Yes","2nd","Navratil","male",2,1,1,"Southampton",3,8.66666666666667
"163","Not","2nd","Navratil","male",36.5,0,2,"Southampton",3,8.66666666666667
"164","Yes","2nd","Becker","male",1,2,1,"Southampton",2,19.5
"165","Yes","2nd","Becker","female",4,2,1,"Southampton",2,19.5
"166","Yes","2nd","Parrish","female",50,0,1,"Southampton",2,13
"167","Yes","2nd","Shelley","female",25,0,1,"Southampton",2,13
"168","Yes","2nd","Reynaldo","female",28,0,0,"Southampton",1,13
"169","Yes","2nd","Doling","female",18,0,1,"Southampton",2,11.5
"170","Yes","2nd","Doling","female",34,0,1,"Southampton",2,11.5
"171","Not","2nd","Andrew","male",18,0,0,"Southampton",1,11.5
"172","Not","2nd","Troupiansky","male",23,0,0,"Southampton",1,13
"173","Not","2nd","Gill","male",24,0,0,"Southampton",1,13
"174","Not","2nd","Milling","male",48,0,0,"Southampton",1,13
"175","Yes","2nd","Pinsky","female",32,0,0,"Southampton",1,13
"176","Not","2nd","Butler","male",25,0,0,"Southampton",1,13
"177","Yes","2nd","Slayter","female",30,0,0,"Queenstown",1,12.35
"178","Not","2nd","Fahlstrom","male",18,0,0,"Southampton",1,13
"179","Yes","2nd","Bystrom","female",42,0,0,"Southampton",1,13
"180","Not","2nd","Bryhl","male",25,1,0,"Southampton",1,26
"181","Not","2nd","Sjostedt","male",59,0,0,"Southampton",1,13.5
"182","Not","2nd","Jarvis","male",47,0,0,"Southampton",1,15
"183","Yes","2nd","Davis","female",28,0,0,"Southampton",1,13
"184","Not","2nd","Funk","female",38,0,0,"Southampton",1,13
"185","Yes","2nd","Nasser","female",14,1,0,"Cherbourg",2,15.0354
"186","Not","2nd","Nasser","male",32.5,1,0,"Cherbourg",2,15.0354
"187","Yes","2nd","Christy","female",25,1,1,"Southampton",1,30
"188","Yes","2nd","Hosono","male",42,0,0,"Southampton",1,13
"189","Not","2nd","Parkes","male",28,0,0,"Southampton",3,13
"190","Not","2nd","Campbell","male",28,0,0,"Southampton",3,13
"191","Not","2nd","Cunningham","male",28,0,0,"Southampton",3,13
"192","Not","2nd","Frost","male",28,0,0,"Southampton",1,13
"193","Not","2nd","Knight","male",28,0,0,"Southampton",1,13
"194","Not","2nd","Watson","male",28,0,0,"Southampton",1,13
"195","Not","2nd","Gaskell","male",16,0,0,"Southampton",2,13
"196","Not","2nd","Fynney","male",35,0,0,"Southampton",2,13
"197","Yes","2nd","Trout","female",28,0,0,"Southampton",1,12.65
"198","Yes","1st","Allen","female",29,0,0,"Southampton",3,70.4458333333333
"199","Yes","1st","Robert","female",43,0,1,"Southampton",3,70.4458333333333
"200","Yes","1st","Madill","female",15,0,1,"Southampton",3,70.4458333333333
"201","Yes","2nd","Jacobsohn","female",24,2,1,"Southampton",2,13.5
"202","Not","2nd","Jacobsohn","male",42,1,0,"Southampton",2,13.5
"203","Yes","2nd","Garside","female",34,0,0,"Southampton",1,13
"204","Not","2nd","Carter","male",54,1,0,"Southampton",2,13
"205","Not","2nd","Carter","female",44,1,0,"Southampton",2,13
"206","Yes","2nd","Wilhelms","male",31,0,0,"Southampton",1,13
"207","Not","2nd","Pain","male",23,0,0,"Southampton",1,10.5
"208","Not","2nd","Byles","male",42,0,0,"Southampton",1,13
"209","Not","2nd","Sharp","male",27,0,0,"Southampton",1,26
"210","Not","2nd","Sedgwick","male",25,0,0,"Southampton",1,13
"211","Not","2nd","Kantor","male",34,1,0,"Southampton",2,13
"212","Yes","2nd","Kantor","female",24,1,0,"Southampton",2,13
"213","Yes","2nd","Williams","male",28,0,0,"Southampton",1,13
"214","Yes","2nd","Beesley","male",34,0,0,"Southampton",1,13
"215","Yes","2nd","Hewlett","female",55,0,0,"Southampton",1,16
"216","Not","2nd","Meyer","male",39,0,0,"Southampton",1,13
"217","Yes","2nd","Harper","female",6,0,1,"Southampton",3,11
"218","Yes","2nd","Leitch","female",28,0,0,"Southampton",3,11
"219","Not","2nd","Harper","male",28,0,1,"Southampton",3,11
"220","Not","2nd","Chapman","male",52,0,0,"Southampton",1,13.5
"221","Yes","2nd","Brown","female",24,0,0,"Southampton",1,13
"222","Yes","2nd","Caldwell","male",0.83,0,2,"Southampton",2,14.5
"223","Yes","2nd","Caldwell","female",22,1,1,"Southampton",2,14.5
"224","Not","2nd","Collander","male",28,0,0,"Southampton",1,13
"225","Not","2nd","Yrois","female",24,0,0,"Southampton",1,13
"226","Not","2nd","Hodges","male",50,0,0,"Southampton",1,13
"227","Yes","2nd","Mellinger","female",13,0,1,"Southampton",2,9.75
"228","Yes","2nd","Mellinger","female",41,0,1,"Southampton",2,9.75
"229","Not","2nd","Givard","male",30,0,0,"Southampton",1,13
"230","Not","2nd","Ponesell","male",34,0,0,"Southampton",2,6.5
"231","Not","2nd","Greenberg","male",52,0,0,"Southampton",2,6.5
"232","Yes","2nd","Sinkkonen","female",30,0,0,"Southampton",1,13
"233","Yes","2nd","Hamalainen","male",0.67,1,1,"Southampton",2,7.25
"234","Yes","2nd","Hamalainen","female",24,0,2,"Southampton",2,7.25
"235","Not","2nd","Lahtinen","female",26,1,1,"Southampton",1,26
"236","Yes","2nd","Silven","female",18,0,2,"Southampton",1,13
"237","Not","2nd","Hale","male",30,0,0,"Southampton",1,13
"238","Yes","2nd","Phillips","female",19,0,0,"Southampton",2,13
"239","Not","2nd","Morley","male",39,0,0,"Southampton",2,13
"240","Yes","3rd","Leeni","male",22,0,0,"Cherbourg",1,7.225
"241","Not","3rd","Badt","male",40,0,0,"Cherbourg",1,7.225
"242","Not","3rd","Lahoud","male",28,0,0,"Cherbourg",1,7.225
"243","Yes","3rd","Thomas","male",0.42,0,1,"Cherbourg",1,8.5167
"244","Yes","3rd","Moussa","female",28,0,0,"Cherbourg",1,7.2292
"245","Not","3rd","Attalah","female",17,0,0,"Cherbourg",2,7.22915
"246","Not","3rd","Yousseff","male",28,0,0,"Cherbourg",2,7.22915
"247","Not","3rd","Youseff","male",45.5,0,0,"Cherbourg",1,7.225
"248","Not","3rd","Razi","male",28,0,0,"Cherbourg",1,7.2292
"249","Not","3rd","Emir","male",28,0,0,"Cherbourg",1,7.225
"250","Yes","2nd","Quick","female",2,1,1,"Southampton",2,13
"251","Yes","2nd","Quick","female",33,0,2,"Southampton",2,13
"252","Not","3rd","Toufik","male",28,0,0,"Cherbourg",1,7.2292
"253","Not","3rd","Yousif","male",28,0,0,"Cherbourg",1,7.225
"254","Not","3rd","Betros","male",20,0,0,"Cherbourg",1,4.0125
"255","Yes","3rd","Masselmani","female",28,0,0,"Cherbourg",1,7.225
"256","Yes","3rd","Touma","female",29,0,2,"Cherbourg",1,15.2458
"257","Yes","3rd","Nicola","male",12,1,0,"Cherbourg",2,5.62085
"258","Yes","3rd","Nicola","female",14,1,0,"Cherbourg",2,5.62085
"259","Yes","3rd","Nakid","male",20,1,1,"Cherbourg",2,7.87085
"260","Yes","3rd","Nakid","female",1,0,2,"Cherbourg",2,7.87085
"261","Yes","3rd","Yasbeck","female",15,1,0,"Cherbourg",2,7.2271
"262","Not","3rd","Yasbeck","male",27,1,0,"Cherbourg",2,7.2271
"263","Yes","3rd","Moubarek","male",28,1,1,"Cherbourg",2,7.6229
"264","Yes","3rd","Moubarek","male",28,1,1,"Cherbourg",2,7.6229
"265","Not","3rd","Samaan","male",28,2,0,"Cherbourg",1,21.6792
"266","Yes","3rd","Barah","male",20,0,0,"Cherbourg",1,7.2292
"267","Not","3rd","Boulos","male",28,0,0,"Cherbourg",1,7.225
"268","Not","3rd","Zabour","female",28,1,0,"Cherbourg",2,7.2271
"269","Not","3rd","Zabour","female",14.5,1,0,"Cherbourg",2,7.2271
"270","Yes","3rd","Baclini","female",5,2,1,"Cherbourg",4,4.814575
"271","Yes","3rd","Baclini","female",24,0,3,"Cherbourg",4,4.814575
"272","Yes","3rd","Baclini","female",0.75,2,1,"Cherbourg",4,4.814575
"273","Yes","3rd","Baclini","female",0.75,2,1,"Cherbourg",4,4.814575
"274","Yes","3rd","Najib","female",15,0,0,"Cherbourg",1,7.225
"275","Yes","3rd","Peter","female",28,0,2,"Cherbourg",2,11.17915
"276","Yes","3rd","Peter","female",28,1,1,"Cherbourg",2,11.17915
"277","Not","3rd","Sirayanian","male",22,0,0,"Cherbourg",1,7.2292
"278","Not","2nd","Hold","male",44,1,0,"Southampton",1,26
"279","Not","3rd","Saad","male",28,0,0,"Cherbourg",1,7.2292
"280","Not","3rd","Saad","male",25,0,0,"Cherbourg",1,7.225
"281","Not","3rd","Elias","male",28,0,0,"Cherbourg",1,7.225
"282","Yes","3rd","Mamee","male",28,0,0,"Cherbourg",1,7.2292
"283","Not","3rd","Boulos","female",9,1,1,"Cherbourg",2,7.6229
"284","Not","3rd","Boulos","female",28,0,2,"Cherbourg",2,7.6229
"285","Not","3rd","Chronopoulos","male",26,1,0,"Cherbourg",1,14.4542
"286","Not","3rd","Lemberopolous","male",34.5,0,0,"Cherbourg",1,6.4375
"287","Not","3rd","Ibrahim","male",30,0,0,"Cherbourg",1,7.2292
"288","Not","3rd","Doharr","male",28,0,0,"Cherbourg",1,7.2292
"289","Yes","3rd","Ayoub","female",13,0,0,"Cherbourg",1,7.2292
"290","Not","3rd","Caram","female",28,1,0,"Cherbourg",1,14.4583
"291","Not","3rd","Elias","male",17,1,1,"Cherbourg",1,7.2292
"292","Not","3rd","Barbara","female",18,0,1,"Cherbourg",2,7.2271
"293","Not","3rd","Barbara","female",45,0,1,"Cherbourg",2,7.2271
"294","Not","3rd","Hanna","male",23.5,0,0,"Cherbourg",1,7.2292
"295","Not","3rd","Attalah","male",30,0,0,"Cherbourg",1,7.225
"296","Not","3rd","Elias","male",15,1,1,"Cherbourg",1,7.2292
"297","Not","3rd","Novel","male",28.5,0,0,"Cherbourg",1,7.2292
"298","Not","3rd","Hassan","male",11,0,0,"Cherbourg",2,9.39375
"299","Yes","3rd","Albimona","male",26,0,0,"Cherbourg",2,9.39375
"300","Not","3rd","Kassem","male",28,0,0,"Cherbourg",1,7.2292
"301","Yes","1st","Barkworth","male",80,0,0,"Southampton",1,30
"302","Yes","2nd","Webber","female",32.5,0,0,"Southampton",1,13
"303","Yes","2nd","Buss","female",36,0,0,"Southampton",1,13
"304","Not","2nd","Giles","male",21,1,0,"Southampton",1,11.5
"305","Not","2nd","Slemen","male",35,0,0,"Southampton",1,10.5
"306","Not","2nd","Otter","male",39,0,0,"Southampton",1,13
"307","Yes","2nd","Drew","female",34,1,1,"Southampton",1,32.5
"308","Not","2nd","Matthews","male",30,0,0,"Southampton",1,13
"309","Not","2nd","Downton","male",54,0,0,"Southampton",2,13
"310","Not","2nd","McKane","male",46,0,0,"Southampton",2,13
"311","Not","2nd","Carbines","male",19,0,0,"Southampton",1,13
"312","Not","2nd","Berriman","male",23,0,0,"Southampton",1,13
"313","Yes","2nd","Ball","female",36,0,0,"Southampton",1,13
"314","Not","2nd","Gale","male",34,1,0,"Southampton",1,21
"315","Not","2nd","Pengelly","male",19,0,0,"Southampton",1,10.5
"316","Not","2nd","Moraweck","male",54,0,0,"Southampton",1,14
"317","Yes","2nd","Beane","female",19,1,0,"Southampton",2,13
"318","Yes","2nd","Beane","male",32,1,0,"Southampton",2,13
"319","Yes","2nd","Wells","female",4,1,1,"Southampton",1,23
"320","Not","2nd","Hocking","male",23,2,1,"Southampton",1,11.5
"321","Yes","2nd","Hocking","female",54,1,3,"Southampton",1,23
"322","Yes","2nd","Richards","female",24,2,3,"Southampton",3,6.25
"323","Yes","2nd","Richards","male",3,1,1,"Southampton",3,6.25
"324","Yes","2nd","Richards","male",0.83,1,1,"Southampton",3,6.25
"325","Not","2nd","Bailey","male",18,0,0,"Southampton",1,11.5
"326","Yes","2nd","Faunthorpe","female",29,1,0,"Southampton",1,26
"327","Not","2nd","Brown","male",60,1,1,"Southampton",2,19.5
"328","Yes","2nd","Brown","female",40,1,1,"Southampton",2,19.5
"329","Not","2nd","Eitemiller","male",23,0,0,"Southampton",1,13
"330","Not","3rd","Johanson","male",34,0,0,"Southampton",1,6.4958
"331","Yes","3rd","Sjoblom","female",18,0,0,"Southampton",1,7.4958
"332","Not","3rd","Wiklund","male",18,1,0,"Southampton",1,6.4958
"333","Not","3rd","Gustafsson","male",37,2,0,"Southampton",1,7.925
"334","Not","3rd","Gustafsson","male",28,2,0,"Southampton",1,7.925
"335","Not","3rd","Backstrom","male",32,1,0,"Southampton",2,7.925
"336","Yes","3rd","Backstrom","female",33,3,0,"Southampton",2,7.925
"337","Yes","3rd","Andersson","female",17,4,2,"Southampton",1,7.925
"338","Not","3rd","Panula","male",7,4,1,"Southampton",6,6.61458333333333
"339","Not","3rd","Panula","male",2,4,1,"Southampton",6,6.61458333333333
"340","Not","3rd","Panula","male",14,4,1,"Southampton",6,6.61458333333333
"341","Not","3rd","Panula","female",41,0,5,"Southampton",6,6.61458333333333
"342","Not","3rd","Panula","male",16,4,1,"Southampton",6,6.61458333333333
"343","Not","3rd","Panula","male",1,4,1,"Southampton",6,6.61458333333333
"344","Not","3rd","Salonen","male",39,0,0,"Southampton",1,7.925
"345","Yes","3rd","Hirvonen","female",2,0,1,"Southampton",1,12.2875
"346","Not","2nd","Renouf","male",34,1,0,"Southampton",2,10.5
"347","Yes","2nd","Renouf","female",30,3,0,"Southampton",2,10.5
"348","Not","2nd","Gavey","male",26,0,0,"Southampton",1,10.5
"349","Yes","3rd","Moss","male",28,0,0,"Southampton",1,7.775
"350","Not","3rd","Birkeland","male",21,0,0,"Southampton",1,7.775
"351","Not","3rd","Rommetvedt","male",28,0,0,"Southampton",1,7.775
"352","Yes","2nd","Smith","female",40,0,0,"Southampton",1,13
"353","Not","3rd","Smiljanic","male",28,0,0,"Southampton",1,8.6625
"354","Not","3rd","Zimmerman","male",29,0,0,"Southampton",1,7.875
"355","Not","3rd","Cacic","female",30,0,0,"Southampton",1,8.6625
"356","Not","3rd","Calic","male",17,0,0,"Southampton",1,8.6625
"357","Not","3rd","Dimic","male",42,0,0,"Southampton",1,8.6625
"358","Not","3rd","Cacic","male",38,0,0,"Southampton",1,8.6625
"359","Not","3rd","Culumovic","male",17,0,0,"Southampton",1,8.6625
"360","Not","3rd","Calic","male",17,0,0,"Southampton",1,8.6625
"361","Not","3rd","Oreskovic","male",20,0,0,"Southampton",1,8.6625
"362","Not","3rd","Oreskovic","female",20,0,0,"Southampton",1,8.6625
"363","Not","3rd","Pasic","male",21,0,0,"Southampton",1,8.6625
"364","Yes","3rd","Lulic","male",27,0,0,"Southampton",1,8.6625
"365","Not","3rd","Kink","male",26,2,0,"Southampton",1,8.6625
"366","Yes","3rd","Kink","female",4,0,2,"Southampton",1,22.025
"367","Not","3rd","Keefe","male",28,0,0,"Southampton",1,7.25
"368","Not","3rd","Beavan","male",19,0,0,"Southampton",1,8.05
"369","Not","3rd","Barton","male",22,0,0,"Southampton",1,8.05
"370","Not","3rd","Moran","male",28,0,0,"Queenstown",1,8.4583
"371","Not","3rd","O","female",28,0,0,"Queenstown",1,7.6292
"372","Yes","3rd","O","female",28,0,0,"Queenstown",1,7.8292
"373","Yes","3rd","McGowan","female",15,0,0,"Queenstown",1,8.0292
"374","Yes","3rd","McGovern","female",28,0,0,"Queenstown",1,7.8792
"375","Yes","3rd","McDermott","female",28,0,0,"Queenstown",1,7.7875
"376","Not","3rd","Peters","female",28,0,0,"Queenstown",1,8.1375
"377","Yes","3rd","Devaney","female",19,0,0,"Queenstown",1,7.8792
"378","Yes","3rd","O","female",28,0,0,"Queenstown",1,7.8792
"379","Not","3rd","O","male",28,0,0,"Queenstown",1,7.8292
"380","Yes","3rd","Mockler","female",28,0,0,"Queenstown",1,7.8792
"381","Not","3rd","O","male",28,0,0,"Queenstown",1,7.7333
"382","Not","3rd","Connaghton","male",31,0,0,"Queenstown",1,7.75
"383","Yes","3rd","Glynn","female",28,0,0,"Queenstown",1,7.75
"384","Yes","1st","Dodge","male",4,0,2,"Southampton",1,81.8583
"385","Not","3rd","Duane","male",65,0,0,"Queenstown",1,7.75
"386","Not","3rd","Paulner","male",28,0,0,"Cherbourg",1,8.7125
"387","Not","3rd","Adams","male",26,0,0,"Southampton",1,8.05
"388","Yes","2nd","Troutt","female",27,0,0,"Southampton",1,10.5
"389","Not","3rd","Sawyer","male",24.5,0,0,"Southampton",1,8.05
"390","Not","3rd","Meek","female",28,0,0,"Southampton",1,8.05
"391","Yes","3rd","Salkjelsvik","female",21,0,0,"Southampton",1,7.65
"392","Not","3rd","Celotti","male",24,0,0,"Southampton",1,8.05
"393","Not","3rd","Christmann","male",29,0,0,"Southampton",1,8.05
"394","Not","3rd","Nysveen","male",61,0,0,"Southampton",1,6.2375
"395","Yes","3rd","de","female",36,1,0,"Southampton",1,17.4
"396","Not","3rd","Vander","female",31,1,0,"Southampton",1,18
"397","Not","3rd","Vander","female",18,2,0,"Southampton",2,9
"398","Not","3rd","Vander","male",16,2,0,"Southampton",2,9
"399","Not","3rd","Vander","male",47,0,0,"Southampton",1,9
"400","Not","3rd","Waelens","male",22,0,0,"Southampton",1,9
"401","Not","3rd","Hampe","male",20,0,0,"Southampton",1,9.5
"402","Not","3rd","Vande","male",28,0,0,"Southampton",1,9.5
"403","Not","3rd","Van","female",10,0,2,"Southampton",3,8.05
"404","Not","3rd","Van","male",36,1,1,"Southampton",3,8.05
"405","Not","3rd","Van","female",30,1,1,"Southampton",3,8.05
"406","Yes","3rd","de","male",30,0,0,"Southampton",1,9.5
"407","Not","3rd","van","male",28,0,0,"Southampton",1,9.5
"408","Not","3rd","de","male",16,0,0,"Southampton",1,9.5
"409","Yes","3rd","Sheerlinck","male",29,0,0,"Southampton",1,9.5
"410","Not","3rd","Vande","male",33,0,0,"Southampton",1,9.5
"411","Not","3rd","Lievens","male",24,0,0,"Southampton",1,9.5
"412","Not","3rd","Vanden","male",28,0,0,"Southampton",1,9.5
"413","Not","3rd","Braund","male",29,1,0,"Southampton",1,7.0458
"414","Not","3rd","Strom","female",29,1,1,"Southampton",2,5.23125
"415","Not","3rd","Strom","female",2,0,1,"Southampton",2,5.23125
"416","Not","3rd","Svensson","male",74,0,0,"Southampton",1,7.775
"417","Not","3rd","Ekstrom","male",45,0,0,"Southampton",1,6.975
"418","Not","3rd","Johnson","male",33,0,0,"Southampton",1,7.775
"419","Not","3rd","Johansson","male",31,0,0,"Southampton",1,7.775
"420","Not","3rd","Widegren","male",51,0,0,"Southampton",1,7.75
"421","Not","3rd","Larsson","male",29,0,0,"Southampton",1,7.775
"422","Not","3rd","Bengtsson","male",26,0,0,"Southampton",1,7.775
"423","Not","3rd","Gustafsson","male",19,0,0,"Southampton",1,7.775
"424","Not","3rd","Lindahl","female",25,0,0,"Southampton",1,7.775
"425","Not","3rd","Lindblom","female",45,0,0,"Southampton",1,7.75
"426","Not","3rd","Eklund","male",16,0,0,"Southampton",1,7.775
"427","Not","3rd","Petterson","male",25,1,0,"Southampton",1,7.775
"428","Yes","3rd","Asplund","female",38,1,5,"Southampton",4,7.846875
"429","Yes","3rd","Asplund","male",3,4,2,"Southampton",4,7.846875
"430","Yes","3rd","Asplund","female",5,4,2,"Southampton",4,7.846875
"431","Not","3rd","Asplund","male",9,4,2,"Southampton",4,7.846875
"432","Not","3rd","Myhrman","male",18,0,0,"Southampton",1,7.75
"433","Not","3rd","Danbom","male",34,1,1,"Southampton",2,7.2
"434","Not","3rd","Danbom","female",28,1,1,"Southampton",2,7.2
"435","Yes","3rd","Nysten","female",22,0,0,"Southampton",1,7.75
"436","Not","3rd","Andersson","female",11,4,2,"Southampton",7,4.46785714285714
"437","Not","3rd","Andersson","female",2,4,2,"Southampton",7,4.46785714285714
"438","Not","3rd","Andersson","male",39,1,5,"Southampton",7,4.46785714285714
"439","Not","3rd","Andersson","female",39,1,5,"Southampton",7,4.46785714285714
"440","Not","3rd","Andersson","female",9,4,2,"Southampton",7,4.46785714285714
"441","Not","3rd","Andersson","male",4,4,2,"Southampton",7,4.46785714285714
"442","Not","3rd","Andersson","female",6,4,2,"Southampton",7,4.46785714285714
"443","Yes","3rd","Persson","male",25,1,0,"Southampton",1,7.775
"444","Yes","3rd","Ohman","female",22,0,0,"Southampton",1,7.775
"445","Not","3rd","Pettersson","female",18,0,0,"Southampton",1,7.775
"446","Not","3rd","Skoog","male",40,1,4,"Southampton",6,4.65
"447","Not","3rd","Skoog","female",45,1,4,"Southampton",6,4.65
"448","Not","3rd","Skoog","male",4,3,2,"Southampton",6,4.65
"449","Not","3rd","Skoog","male",10,3,2,"Southampton",6,4.65
"450","Not","3rd","Skoog","female",2,3,2,"Southampton",6,4.65
"451","Not","3rd","Skoog","female",9,3,2,"Southampton",6,4.65
"452","Yes","3rd","Hedman","male",27,0,0,"Southampton",1,6.975
"453","Not","3rd","Alexander","male",26,0,0,"Southampton",1,7.8875
"454","Not","3rd","Olsson","male",28,0,0,"Southampton",1,7.8542
"455","Not","3rd","Andreasson","male",20,0,0,"Southampton",1,7.8542
"456","Not","3rd","Augustsson","male",23,0,0,"Southampton",1,7.8542
"457","Yes","3rd","Nilsson","female",26,0,0,"Southampton",1,7.8542
"458","Yes","3rd","Johnson","male",4,1,1,"Southampton",3,3.7111
"459","Yes","3rd","Johnson","female",27,0,2,"Southampton",3,3.7111
"460","Yes","3rd","Johnson","female",1,1,1,"Southampton",3,3.7111
"461","Not","3rd","Lundahl","male",51,0,0,"Southampton",1,7.0542
"462","Not","3rd","Humblen","male",42,0,0,"Southampton",1,7.65
"463","Not","3rd","Moen","male",25,0,0,"Southampton",1,7.65
"464","Not","3rd","Soholt","male",19,0,0,"Southampton",1,7.65
"465","Not","3rd","Ivanoff","male",28,0,0,"Southampton",1,7.8958
"466","Not","3rd","Dantcheff","male",25,0,0,"Southampton",1,7.8958
"467","Not","3rd","Jonkoff","male",23,0,0,"Southampton",1,7.8958
"468","Not","3rd","Stoytcheff","male",19,0,0,"Southampton",1,7.8958
"469","Not","3rd","Naidenoff","male",22,0,0,"Southampton",1,7.8958
"470","Not","3rd","Mionoff","male",28,0,0,"Southampton",1,7.8958
"471","Not","3rd","Staneff","male",28,0,0,"Southampton",1,7.8958
"472","Not","3rd","Coleff","male",24,0,0,"Southampton",1,7.4958
"473","Not","3rd","Coleff","male",36,0,0,"Southampton",1,7.4958
"474","Not","3rd","Petroff","male",19,0,0,"Southampton",1,7.8958
"475","Not","3rd","Markoff","male",35,0,0,"Cherbourg",1,7.8958
"476","Not","3rd","Slabenoff","male",28,0,0,"Southampton",1,7.8958
"477","Not","3rd","Petroff","male",28,0,0,"Southampton",1,7.8958
"478","Not","3rd","Todoroff","male",28,0,0,"Southampton",1,7.8958
"479","Not","3rd","Laleff","male",28,0,0,"Southampton",1,7.8958
"480","Not","3rd","Nankoff","male",28,0,0,"Southampton",1,7.8958
"481","Not","3rd","Danoff","male",27,0,0,"Southampton",1,7.8958
"482","Not","3rd","Mitkoff","male",28,0,0,"Southampton",1,7.8958
"483","Not","3rd","Sdycoff","male",28,0,0,"Southampton",1,7.8958
"484","Not","3rd","Radeff","male",28,0,0,"Southampton",1,7.8958
"485","Not","3rd","Bostandyeff","male",26,0,0,"Southampton",1,7.8958
"486","Not","3rd","Denkoff","male",28,0,0,"Southampton",1,7.8958
"487","Not","3rd","Plotcharsky","male",28,0,0,"Southampton",1,7.8958
"488","Not","3rd","Dakic","male",19,0,0,"Southampton",1,10.1708
"489","Not","3rd","Cor","male",19,0,0,"Southampton",1,7.8958
"490","Not","3rd","Mineff","male",24,0,0,"Southampton",1,7.8958
"491","Not","3rd","Nenkoff","male",28,0,0,"Southampton",1,7.8958
"492","Not","3rd","Haas","female",24,0,0,"Southampton",1,8.85
"493","Not","3rd","Arnold","male",25,1,0,"Southampton",2,8.9
"494","Not","3rd","Arnold","female",18,1,0,"Southampton",2,8.9
"495","Not","3rd","Stankovic","male",33,0,0,"Cherbourg",1,8.6625
"496","Yes","3rd","Jalsevac","male",29,0,0,"Cherbourg",1,7.8958
"497","Not","3rd","Drazenoic","male",33,0,0,"Cherbourg",1,7.8958
"498","Not","3rd","Pavlovic","male",32,0,0,"Southampton",1,7.8958
"499","Not","3rd","Hendekovic","male",28,0,0,"Southampton",1,7.8958
"500","Yes","3rd","Osman","female",31,0,0,"Southampton",1,8.6833
"501","Not","3rd","Petranec","female",28,0,0,"Southampton",1,7.8958
"502","Not","3rd","Karaic","male",30,0,0,"Southampton",1,7.8958
"503","Not","3rd","Turcin","male",36,0,0,"Southampton",1,7.8958
"504","Not","3rd","Balkic","male",26,0,0,"Southampton",1,7.8958
"505","Not","3rd","Rekic","male",38,0,0,"Southampton",1,7.8958
"506","Not","3rd","Sivic","male",40,0,0,"Southampton",1,7.8958
"507","Not","3rd","Vovk","male",22,0,0,"Southampton",1,7.8958
"508","Not","3rd","Kraeff","male",28,0,0,"Cherbourg",1,7.8958
"509","Not","3rd","Gheorgheff","male",28,0,0,"Cherbourg",1,7.8958
"510","Yes","3rd","Karun","female",4,0,1,"Cherbourg",1,13.4167
"511","Not","3rd","Markun","male",33,0,0,"Southampton",1,7.8958
"512","Not","3rd","Palsson","male",2,3,1,"Southampton",4,5.26875
"513","Not","3rd","Palsson","female",29,0,4,"Southampton",4,5.26875
"514","Not","3rd","Palsson","female",3,3,1,"Southampton",4,5.26875
"515","Not","3rd","Palsson","female",8,3,1,"Southampton",4,5.26875
"516","Not","3rd","Lindell","male",36,1,0,"Southampton",1,15.55
"517","Not","3rd","Edvardsson","male",18,0,0,"Southampton",1,7.775
"518","Not","3rd","Hansen","male",26,1,0,"Southampton",1,7.8542
"519","Not","3rd","Hansen","male",41,2,0,"Southampton",1,14.1083
"520","Not","3rd","Hansen","male",21,0,0,"Southampton",1,7.8542
"521","Yes","3rd","Jansson","male",21,0,0,"Southampton",1,7.7958
"522","Not","3rd","Svensson","male",24,0,0,"Southampton",1,7.7958
"523","Not","3rd","Fischer","male",18,0,0,"Southampton",1,7.7958
"524","Not","3rd","Carlsson","male",28,0,0,"Southampton",1,7.7958
"525","Yes","3rd","Andersson","male",27,0,0,"Southampton",1,7.7958
"526","Yes","3rd","Andersen","female",19,1,0,"Southampton",1,7.8542
"527","Not","3rd","Jensen","male",48,0,0,"Southampton",1,7.8542
"528","Not","3rd","Jensen","male",17,1,0,"Southampton",1,7.0542
"529","Not","3rd","Jensen","male",20,0,0,"Southampton",1,7.8542
"530","Not","3rd","Johansson","male",22,0,0,"Southampton",1,7.7958
"531","Not","3rd","Karlsson","male",22,0,0,"Southampton",1,7.5208
"532","Not","3rd","Klasen","male",18,1,1,"Southampton",1,7.8542
"533","Not","3rd","Vestrom","female",14,0,0,"Southampton",1,7.8542
"534","Not","3rd","Olsson","female",31,0,0,"Southampton",1,7.8542
"535","Yes","3rd","Jonsson","male",32,0,0,"Southampton",1,7.8542
"536","Not","1st","Newell","male",58,0,2,"Cherbourg",3,37.7583333333333
"537","Yes","1st","Newell","female",31,1,0,"Cherbourg",3,37.7583333333333
"538","Yes","1st","Newell","female",23,1,0,"Cherbourg",3,37.7583333333333
"539","Not","1st","White","male",54,0,1,"Southampton",2,38.64375
"540","Not","1st","White","male",21,0,1,"Southampton",2,38.64375
"541","Yes","3rd","Gilnagh","female",16,0,0,"Queenstown",1,7.7333
"542","Yes","3rd","Mullens","female",28,0,0,"Queenstown",1,7.7333
"543","Not","3rd","Patchett","male",19,0,0,"Southampton",2,7.25
"544","Not","3rd","Garfirth","male",28,0,0,"Southampton",2,7.25
"545","Not","3rd","Scanlan","male",28,0,0,"Queenstown",1,7.725
"546","Not","3rd","Reed","male",28,0,0,"Southampton",1,7.25
"547","Not","3rd","Goldsmith","male",33,1,1,"Southampton",3,6.84166666666667
"548","Yes","3rd","Goldsmith","male",9,0,2,"Southampton",3,6.84166666666667
"549","Yes","3rd","Goldsmith","female",31,1,1,"Southampton",3,6.84166666666667
"550","Not","3rd","Theobald","male",34,0,0,"Southampton",1,8.05
"551","Not","3rd","Kelly","male",44,0,0,"Southampton",1,8.05
"552","Not","3rd","Risien","male",28,0,0,"Southampton",1,14.5
"553","Not","3rd","Tomlin","male",30.5,0,0,"Southampton",1,8.05
"554","Not","3rd","Coxon","male",59,0,0,"Southampton",1,7.25
"555","Not","3rd","Morley","male",34,0,0,"Southampton",1,8.05
"556","Not","3rd","Torber","male",44,0,0,"Southampton",1,8.05
"557","Not","3rd","Brocklebank","male",35,0,0,"Southampton",1,8.05
"558","Yes","3rd","Emanuel","female",5,0,0,"Southampton",2,6.2375
"559","Yes","3rd","Dowdell","female",30,0,0,"Southampton",2,6.2375
"560","Not","3rd","Canavan","female",21,0,0,"Queenstown",1,7.75
"561","Not","3rd","Bourke","female",28,0,2,"Queenstown",1,7.75
"562","Not","3rd","Bourke","female",32,1,1,"Queenstown",2,7.75
"563","Not","3rd","Bourke","male",40,1,1,"Queenstown",2,7.75
"564","Not","3rd","Mangan","female",30.5,0,0,"Queenstown",1,7.75
"565","Not","3rd","Flynn","male",28,0,0,"Queenstown",1,7.75
"566","Not","3rd","Burke","male",19,0,0,"Queenstown",1,6.75
"567","Not","3rd","Hegarty","female",18,0,0,"Queenstown",1,6.75
"568","Not","3rd","McEvoy","male",28,0,0,"Queenstown",1,15.5
"569","Yes","3rd","McCoy","male",28,2,0,"Queenstown",2,11.625
"570","Yes","3rd","McCoy","female",28,2,0,"Queenstown",2,11.625
"571","Yes","3rd","McCormack","male",28,0,0,"Queenstown",1,7.75
"572","Not","3rd","Kiernan","male",28,1,0,"Queenstown",1,7.75
"573","Yes","3rd","Murphy","female",28,1,0,"Queenstown",2,7.75
"574","Yes","3rd","Murphy","female",28,1,0,"Queenstown",2,7.75
"575","Yes","3rd","Carr","female",16,0,0,"Queenstown",1,7.75
"576","Not","3rd","Farrell","male",40.5,0,0,"Queenstown",1,7.75
"577","Not","3rd","Sadlier","male",28,0,0,"Queenstown",1,7.7292
"578","Not","3rd","Flynn","male",28,0,0,"Queenstown",1,6.95
"579","Not","3rd","Gallagher","male",25,0,0,"Queenstown",1,7.7417
"580","Not","3rd","Kilgannon","male",28,0,0,"Queenstown",1,7.7375
"581","Yes","3rd","Mannion","female",28,0,0,"Queenstown",1,7.7375
"582","Not","3rd","Mernagh","male",28,0,0,"Queenstown",1,7.75
"583","Yes","1st","Wick","female",31,0,2,"Southampton",2,82.43335
"584","Yes","1st","Wick","female",45,1,1,"Southampton",2,82.43335
"585","Yes","1st","Eustis","female",54,1,0,"Cherbourg",2,39.13335
"586","Yes","1st","Stephenson","female",52,1,0,"Cherbourg",2,39.13335
"587","Not","1st","Sutton","male",61,0,0,"Southampton",1,32.3208
"588","Not","1st","Walker","male",47,0,0,"Southampton",1,34.0208
"589","Yes","1st","Harris","female",35,1,0,"Southampton",2,41.7375
"590","Not","1st","Harris","male",45,1,0,"Southampton",2,41.7375
"591","Not","3rd","Rosblom","male",18,1,1,"Southampton",2,10.10625
"592","Not","3rd","Rosblom","female",41,0,2,"Southampton",2,10.10625
"593","Not","3rd","O","male",28,1,0,"Queenstown",2,7.75
"594","Yes","3rd","O","female",28,1,0,"Queenstown",2,7.75
"595","Not","3rd","Connors","male",70.5,0,0,"Queenstown",1,7.75
"596","Yes","3rd","Madigan","female",28,0,0,"Queenstown",1,7.75
"597","Not","3rd","Lennon","male",28,1,0,"Queenstown",1,15.5
"598","Not","3rd","McMahon","male",28,0,0,"Queenstown",1,7.75
"599","Yes","3rd","Connolly","female",22,0,0,"Queenstown",1,7.75
"600","Yes","3rd","Healy","female",28,0,0,"Queenstown",1,7.75
"601","Not","3rd","Dooley","male",32,0,0,"Queenstown",1,7.75
"602","Not","3rd","Horgan","male",28,0,0,"Queenstown",1,7.75
"603","Not","3rd","O","male",28,0,0,"Queenstown",1,7.75
"604","Not","3rd","Moran","male",28,1,0,"Queenstown",3,8.05
"605","Not","3rd","Ryan","male",28,0,0,"Queenstown",3,8.05
"606","Yes","3rd","Moran","female",28,1,0,"Queenstown",3,8.05
"607","Not","3rd","Cribb","male",44,0,1,"Southampton",1,16.1
"608","Not","3rd","Morrow","male",28,0,0,"Queenstown",1,7.75
"609","Not","3rd","Allen","male",35,0,0,"Southampton",1,8.05
"610","Not","3rd","Moutal","male",28,0,0,"Southampton",1,8.05
"611","Not","3rd","Harmer","male",25,0,0,"Southampton",1,7.25
"612","Not","3rd","Shorney","male",28,0,0,"Southampton",1,8.05
"613","Not","3rd","Thorneycroft","male",28,1,0,"Southampton",2,8.05
"614","Yes","3rd","Thorneycroft","female",28,1,0,"Southampton",2,8.05
"615","Not","3rd","McNamee","male",24,1,0,"Southampton",1,16.1
"616","Not","3rd","Henry","female",28,0,0,"Queenstown",1,7.75
"617","Yes","3rd","Daly","male",29,0,0,"Queenstown",1,7.75
"618","Not","3rd","Rice","male",7,4,1,"Queenstown",5,5.825
"619","Not","3rd","Rice","male",4,4,1,"Queenstown",5,5.825
"620","Not","3rd","Rice","male",8,4,1,"Queenstown",5,5.825
"621","Not","3rd","Rice","male",2,4,1,"Queenstown",5,5.825
"622","Not","3rd","Rice","female",39,0,5,"Queenstown",5,5.825
"623","Not","3rd","Tobin","male",28,0,0,"Queenstown",1,7.75
"624","Not","3rd","Smith","male",28,0,0,"Queenstown",1,7.75
"625","Yes","3rd","Davison","female",28,1,0,"Southampton",1,16.1
"626","Yes","3rd","Aks","female",18,0,1,"Southampton",1,9.35
"627","Not","3rd","Sirota","male",28,0,0,"Southampton",1,8.05
"628","Yes","3rd","Moor","male",6,0,1,"Southampton",2,6.2375
"629","Yes","3rd","Moor","female",27,0,1,"Southampton",2,6.2375
"630","Not","3rd","Hart","male",28,0,0,"Queenstown",1,6.8583
"631","Not","3rd","Lefebre","female",28,3,1,"Southampton",4,6.366675
"632","Not","3rd","Lefebre","female",28,3,1,"Southampton",4,6.366675
"633","Not","3rd","Lefebre","male",28,3,1,"Southampton",4,6.366675
"634","Not","3rd","Lefebre","female",28,3,1,"Southampton",4,6.366675
"635","Yes","3rd","Turkula","female",63,0,0,"Southampton",1,9.5875
"636","Not","3rd","Laitinen","female",37,0,0,"Southampton",1,9.5875
"637","Not","3rd","Jussila","female",20,1,0,"Southampton",1,9.825
"638","Not","3rd","Jussila","female",21,1,0,"Southampton",1,9.825
"639","Yes","3rd","Turja","female",18,0,0,"Southampton",1,9.8417
"640","Not","3rd","Olsen","male",42,0,1,"Southampton",1,8.4042
"641","Not","3rd","Williams","male",28.5,0,0,"Southampton",2,8.05
"642","Not","3rd","Bowen","male",21,0,0,"Southampton",2,8.05
"643","Not","1st","Colley","male",47,0,0,"Southampton",1,25.5875
"644","Not","3rd","Hagland","male",28,1,0,"Southampton",1,19.9667
"645","Not","3rd","Hagland","male",28,1,0,"Southampton",1,19.9667
"646","Yes","3rd","Johannesen","male",28,0,0,"Southampton",1,8.1125
"647","Not","3rd","Olsvigen","male",20,0,0,"Southampton",1,9.225
"648","Not","1st","Nicholson","male",64,0,0,"Southampton",1,26
"649","Not","1st","Carlsson","male",33,0,0,"Southampton",1,5
"650","Not","3rd","Odahl","male",23,0,0,"Southampton",1,9.225
"651","Not","3rd","Osen","male",16,0,0,"Southampton",2,4.60835
"652","Not","3rd","Gustafsson","male",20,0,0,"Southampton",2,4.9229
"653","Not","3rd","Johansson","male",33,0,0,"Southampton",1,8.6542
"654","Not","3rd","Larsson","male",29,0,0,"Southampton",1,9.4833
"655","Not","3rd","Ahlin","female",40,1,0,"Southampton",1,9.475
"656","Not","3rd","Dahlberg","female",22,0,0,"Southampton",1,10.5167
"657","Not","3rd","Strandberg","female",22,0,0,"Southampton",1,9.8375
"658","Yes","3rd","Dahl","male",45,0,0,"Southampton",1,8.05
"659","Not","3rd","Gronnestad","male",32,0,0,"Southampton",1,8.3625
"660","Not","3rd","Kalvik","male",21,0,0,"Southampton",1,8.4333
"661","Yes","3rd","Kelly","female",28,0,0,"Queenstown",1,7.75
"662","Not","3rd","Cann","male",21,0,0,"Southampton",1,8.05
"663","Not","3rd","Murdlin","male",28,0,0,"Southampton",1,8.05
"664","Not","3rd","Meo","male",55.5,0,0,"Southampton",1,8.05
"665","Not","3rd","Somerton","male",30,0,0,"Southampton",1,8.05
"666","Not","3rd","Stanley","male",21,0,0,"Southampton",1,8.05
"667","Not","3rd","Lester","male",39,0,0,"Southampton",2,12.075
"668","Not","3rd","Davies","male",24,2,0,"Southampton",2,12.075
"669","Not","3rd","Rush","male",16,0,0,"Southampton",1,8.05
"670","Not","3rd","Wiseman","male",28,0,0,"Southampton",1,7.25
"671","Not","3rd","Nosworthy","male",21,0,0,"Southampton",1,7.8
"672","Not","3rd","Braund","male",22,1,0,"Southampton",1,7.25
"673","Not","3rd","Dennis","male",22,0,0,"Southampton",1,7.25
"674","Not","3rd","Lovell","male",20.5,0,0,"Southampton",1,7.25
"675","Not","3rd","Perkin","male",22,0,0,"Southampton",1,7.25
"676","Not","3rd","Williams","male",28,0,0,"Southampton",1,8.05
"677","Not","3rd","Peduzzi","male",28,0,0,"Southampton",1,8.05
"678","Not","3rd","Cook","male",43,0,0,"Southampton",1,8.05
"679","Yes","3rd","Cohen","male",18,0,0,"Southampton",1,8.05
"680","Not","3rd","Rouse","male",50,0,0,"Southampton",1,8.05
"681","Not","3rd","Elsbury","male",47,0,0,"Southampton",1,7.25
"682","Yes","3rd","Dorking","male",19,0,0,"Southampton",1,8.05
"683","Not","3rd","Charters","male",21,0,0,"Queenstown",1,7.7333
"684","Not","3rd","Saundercock","male",20,0,0,"Southampton",1,8.05
"685","Not","3rd","Lobb","female",26,1,0,"Southampton",2,8.05
"686","Not","3rd","Lobb","male",30,1,0,"Southampton",2,8.05
"687","Not","3rd","Robins","female",47,1,0,"Southampton",1,14.5
"688","Not","3rd","van","male",40.5,0,2,"Southampton",1,14.5
"689","Not","3rd","Maisner","male",28,0,0,"Southampton",1,8.05
"690","Not","3rd","Moore","male",28,0,0,"Southampton",1,8.05
"691","Yes","3rd","Madsen","male",24,0,0,"Southampton",1,7.1417
"692","Not","3rd","Olsen","male",28,0,0,"Southampton",1,22.525
"693","Not","3rd","Holm","male",43,0,0,"Southampton",1,6.45
"694","Not","3rd","Adahl","male",30,0,0,"Southampton",1,7.25
"695","Yes","3rd","Landergren","female",22,0,0,"Southampton",1,7.25
"696","Not","2nd","Reeves","male",36,0,0,"Southampton",1,10.5
"697","Not","2nd","Kvillner","male",31,0,0,"Southampton",1,10.5
"698","Not","3rd","Dean","male",26,1,2,"Southampton",2,10.2875
"699","Yes","3rd","Dean","male",1,1,2,"Southampton",2,10.2875
"700","Not","2nd","Wheadon","male",66,0,0,"Southampton",1,10.5
"701","Not","2nd","Mitchell","male",70,0,0,"Southampton",1,10.5
"702","Yes","3rd","Abbott","female",35,1,1,"Southampton",2,10.125
"703","Not","3rd","Abbott","male",16,1,1,"Southampton",2,10.125
"704","Not","2nd","Sobey","male",25,0,0,"Southampton",1,13
"705","Yes","2nd","Nye","female",29,0,0,"Southampton",1,10.5
"706","Not","2nd","Leyson","male",24,0,0,"Southampton",1,10.5
"707","Yes","2nd","Rugg","female",21,0,0,"Southampton",1,10.5
"708","Yes","2nd","Collyer","female",8,0,2,"Southampton",3,8.75
"709","Not","2nd","Collyer","male",31,1,1,"Southampton",3,8.75
"710","Yes","2nd","Collyer","female",31,1,1,"Southampton",3,8.75
"711","Not","2nd","Jenkin","male",32,0,0,"Southampton",1,10.5
"712","Yes","2nd","Davies","male",8,1,1,"Southampton",2,18.375
"713","Not","2nd","Nicholls","male",19,1,1,"Southampton",2,18.375
"714","Yes","2nd","Watt","female",40,0,0,"Southampton",1,15.75
"715","Yes","2nd","Lemore","female",34,0,0,"Southampton",1,10.5
"716","Not","2nd","West","male",36,1,2,"Southampton",3,9.25
"717","Yes","2nd","West","female",33,1,2,"Southampton",3,9.25
"718","Yes","2nd","West","female",5,1,2,"Southampton",3,9.25
"719","Yes","3rd","Coutts","male",3,1,1,"Southampton",2,7.95
"720","Yes","3rd","Coutts","male",9,1,1,"Southampton",2,7.95
"721","Not","3rd","Abbing","male",42,0,0,"Southampton",1,7.55
"722","Not","3rd","Shellard","male",28,0,0,"Southampton",1,15.1
"723","Not","2nd","Banfield","male",28,0,0,"Southampton",1,10.5
"724","Not","3rd","Goodwin","male",11,5,2,"Southampton",6,7.81666666666667
"725","Not","3rd","Goodwin","male",9,5,2,"Southampton",6,7.81666666666667
"726","Not","3rd","Goodwin","male",14,5,2,"Southampton",6,7.81666666666667
"727","Not","3rd","Goodwin","male",1,5,2,"Southampton",6,7.81666666666667
"728","Not","3rd","Goodwin","female",43,1,6,"Southampton",6,7.81666666666667
"729","Not","3rd","Goodwin","female",16,5,2,"Southampton",6,7.81666666666667
"730","Yes","3rd","Stanley","female",23,0,0,"Southampton",1,7.55
"731","Not","3rd","Sage","male",28,8,2,"Southampton",7,9.93571428571429
"732","Not","3rd","Sage","female",28,8,2,"Southampton",7,9.93571428571429
"733","Not","3rd","Sage","male",28,8,2,"Southampton",7,9.93571428571429
"734","Not","3rd","Sage","female",28,8,2,"Southampton",7,9.93571428571429
"735","Not","3rd","Sage","male",28,8,2,"Southampton",7,9.93571428571429
"736","Not","3rd","Sage","male",28,8,2,"Southampton",7,9.93571428571429
"737","Not","3rd","Sage","female",28,8,2,"Southampton",7,9.93571428571429
"738","Not","1st","Davidson","male",31,1,0,"Southampton",1,52
"739","Yes","2nd","Cameron","female",35,0,0,"Southampton",1,21
"740","Yes","2nd","Hart","female",7,0,2,"Southampton",3,8.75
"741","Not","2nd","Hart","male",43,1,1,"Southampton",3,8.75
"742","Yes","2nd","Hart","female",45,1,1,"Southampton",3,8.75
"743","Yes","2nd","Toomey","female",50,0,0,"Southampton",1,10.5
"744","Not","3rd","Olsen","male",28,0,0,"Southampton",1,7.3125
"745","Not","3rd","Johnson","male",49,0,0,"Southampton",4,7.8542
"746","Not","3rd","Johnson","male",19,0,0,"Southampton",4,7.8542
"747","Yes","3rd","Tornquist","male",25,0,0,"Southampton",4,7.8542
"748","Not","3rd","Leonard","male",36,0,0,"Southampton",4,7.8542
"749","Not","2nd","Abelson","male",30,1,0,"Cherbourg",2,12
"750","Yes","2nd","Abelson","female",28,1,0,"Cherbourg",2,12
"751","Not","1st","Baumann","male",28,0,0,"Southampton",1,25.925
"752","Yes","1st","McGough","male",36,0,0,"Southampton",1,26.2875
"753","Yes","1st","Flynn","male",36,0,0,"Southampton",1,26.3875
"754","Yes","1st","Silverthorne","male",35,0,0,"Southampton",1,26.2875
"755","Yes","1st","Calderhead","male",42,0,0,"Southampton",1,26.2875
"756","Yes","1st","Aubart","female",24,0,0,"Cherbourg",2,34.65
"757","Yes","1st","Sagesser","female",24,0,0,"Cherbourg",2,34.65
"758","Yes","1st","Mayne","female",24,0,0,"Cherbourg",1,49.5042
"759","Not","1st","Farthing","male",28,0,0,"Southampton",1,221.7792
"760","Yes","1st","Duff","male",49,1,0,"Cherbourg",2,28.4646
"761","Yes","1st","Francatelli","female",30,0,0,"Cherbourg",2,28.4646
"762","Yes","1st","Baxter","female",50,0,1,"Cherbourg",2,123.7604
"763","Not","1st","Baxter","male",24,0,1,"Cherbourg",2,123.7604
"764","Yes","1st","Lurette","female",58,0,0,"Cherbourg",2,73.2604
"765","Yes","1st","Spencer","female",28,1,0,"Cherbourg",2,73.2604
"766","Yes","1st","Hassab","male",27,0,0,"Cherbourg",3,25.5764
"767","Yes","1st","Harper","female",49,1,0,"Cherbourg",3,25.5764
"768","Yes","1st","Harper","male",48,1,0,"Cherbourg",3,25.5764
"769","Yes","1st","Graham","female",58,0,1,"Southampton",3,51.1541666666667
"770","Yes","1st","Shutes","female",40,0,0,"Southampton",3,51.1541666666667
"771","Not","1st","Graham","male",38,0,1,"Southampton",3,51.1541666666667
"772","Yes","1st","Thorne","female",28,0,0,"Cherbourg",1,79.2
"773","Not","1st","Roebling","male",31,0,0,"Southampton",1,50.4958
"774","Yes","1st","Lines","female",16,0,1,"Southampton",1,39.4
"775","Not","1st","Guggenheim","male",46,0,0,"Cherbourg",2,39.6
"776","Not","1st","Giglio","male",24,0,0,"Cherbourg",2,39.6
"777","Not","1st","Isham","female",50,0,0,"Cherbourg",1,28.7125
"778","Not","1st","Natsch","male",37,0,1,"Cherbourg",1,29.7
"779","Not","1st","Williams","male",51,0,1,"Cherbourg",1,61.3792
"780","Yes","1st","Cumings","female",38,1,0,"Cherbourg",1,71.2833
"781","Not","1st","Hoyt","male",28,0,0,"Cherbourg",1,30.6958
"782","Not","1st","Uruchurtu","male",40,0,0,"Cherbourg",1,27.7208
"783","Yes","1st","Rothschild","female",54,1,0,"Cherbourg",1,59.4
"784","Not","1st","Meyer","male",28,1,0,"Cherbourg",2,41.0854
"785","Yes","1st","Meyer","female",28,1,0,"Cherbourg",2,41.0854
"786","Not","1st","Stewart","male",28,0,0,"Cherbourg",1,27.7208
"787","Yes","1st","Ryerson","female",21,2,2,"Cherbourg",2,131.1875
"788","Yes","1st","Ryerson","female",18,2,2,"Cherbourg",2,131.1875
"789","Not","1st","Artagaveytia","male",71,0,0,"Cherbourg",1,49.5042
"790","Yes","1st","Brown","female",44,0,0,"Cherbourg",1,27.7208
"791","Yes","1st","Frauenthal","male",50,2,0,"Southampton",2,66.825
"792","Yes","1st","Frauenthal","female",28,1,0,"Southampton",2,66.825
"793","Not","1st","Lewy","male",28,0,0,"Cherbourg",1,27.7208
"794","Not","1st","Goldschmidt","male",71,0,0,"Cherbourg",1,34.6542
"795","Yes","1st","Ward","female",35,0,0,"Cherbourg",3,170.7764
"796","Yes","1st","Lesurer","male",35,0,0,"Cherbourg",3,170.7764
"797","Yes","1st","Cardeza","male",36,0,1,"Cherbourg",3,170.7764
"798","Yes","1st","Compton","female",39,1,1,"Cherbourg",1,83.1583
"799","Yes","1st","Astor","female",18,1,0,"Cherbourg",4,56.88125
"800","Yes","1st","Endres","female",38,0,0,"Cherbourg",4,56.88125
"801","Yes","1st","Bidois","female",42,0,0,"Cherbourg",4,56.88125
"802","Not","1st","Robbins","male",28,0,0,"Cherbourg",4,56.88125
"803","Not","1st","Penasco","male",18,1,0,"Cherbourg",2,54.45
"804","Yes","1st","Penasco","female",17,1,0,"Cherbourg",2,54.45
"805","Yes","1st","Greenfield","male",23,0,1,"Cherbourg",1,63.3583
"806","Yes","1st","Young","female",36,0,0,"Cherbourg",3,45.2111
"807","Yes","1st","Bissette","female",35,0,0,"Southampton",3,45.2111
"808","Not","1st","Ringhini","male",22,0,0,"Cherbourg",3,45.2111
"809","Yes","1st","LeRoy","female",30,0,0,"Cherbourg",2,53.2125
"810","Not","1st","Douglas","male",50,1,0,"Cherbourg",2,53.2125
"811","Not","3rd","Berglund","male",22,0,0,"Southampton",1,9.35
"812","Yes","3rd","Sandstrom","female",4,1,1,"Southampton",2,8.35
"813","Yes","3rd","Sandstrom","female",24,0,2,"Southampton",2,8.35
"814","Not","3rd","Rogers","male",28,0,0,"Southampton",1,8.05
"815","Yes","2nd","Mallet","male",1,0,2,"Cherbourg",2,18.5021
"816","Not","2nd","Mallet","male",31,1,1,"Cherbourg",2,18.5021
"817","Not","2nd","Mudd","male",16,0,0,"Southampton",2,5.25
"818","Not","2nd","Mack","female",57,0,0,"Southampton",2,5.25
"819","Not","3rd","Willey","male",28,0,0,"Southampton",1,7.55
"820","Not","2nd","Hickman","male",32,2,0,"Southampton",5,14.7
"821","Not","2nd","Hickman","male",21,2,0,"Southampton",5,14.7
"822","Not","2nd","Hood","male",21,0,0,"Southampton",5,14.7
"823","Not","2nd","Hickman","male",24,2,0,"Southampton",5,14.7
"824","Not","2nd","Davies","male",18,0,0,"Southampton",5,14.7
"825","Not","2nd","Bateman","male",51,0,0,"Southampton",1,12.525
"826","Not","3rd","Crease","male",19,0,0,"Southampton",1,8.1583
"827","Yes","2nd","Harris","male",62,0,0,"Southampton",1,10.5
"828","Yes","2nd","Lehmann","female",17,0,0,"Cherbourg",1,12
"829","Not","2nd","Chapman","male",37,1,0,"Southampton",1,26
"830","Yes","2nd","Louch","female",42,1,0,"Southampton",1,26
"831","Yes","2nd","Jerwan","female",23,0,0,"Cherbourg",1,13.7917
"832","Yes","2nd","Laroche","female",22,1,2,"Cherbourg",3,13.8597333333333
"833","Not","2nd","Laroche","male",25,1,2,"Cherbourg",3,13.8597333333333
"834","Yes","2nd","Laroche","female",3,1,2,"Cherbourg",3,13.8597333333333
"835","Not","2nd","Pernot","male",28,0,0,"Cherbourg",1,15.05
"836","Not","2nd","Richard","male",23,0,0,"Cherbourg",1,15.0458
"837","Yes","2nd","Padro","male",28,0,0,"Cherbourg",1,13.8625
"838","Yes","2nd","Duran","female",27,1,0,"Cherbourg",1,13.8583
"839","Not","2nd","Levy","male",36,0,0,"Cherbourg",1,12.875
"840","Not","2nd","del","male",29,1,0,"Cherbourg",1,27.7208
"841","Not","2nd","Hunt","male",33,0,0,"Southampton",1,12.275
"842","Yes","2nd","Ilett","female",17,0,0,"Southampton",1,10.5
"843","Not","3rd","Jardin","male",28,0,0,"Southampton",1,7.05
"844","Not","3rd","Goncalves","male",38,0,0,"Southampton",1,7.05
"845","Not","3rd","Coelho","male",20,0,0,"Southampton",1,7.05
"846","Not","3rd","Asim","male",35,0,0,"Southampton",1,7.05
"847","Not","3rd","Ali","male",24,0,0,"Southampton",1,7.05
"848","Not","3rd","Ali","male",25,0,0,"Southampton",1,7.05
"849","Yes","3rd","Pickard","male",32,0,0,"Southampton",1,8.05
"850","Not","3rd","Meanwell","female",28,0,0,"Southampton",1,8.05
"851","Not","3rd","Nirva","male",41,0,0,"Southampton",1,7.125
"852","Not","3rd","Alhomaki","male",20,0,0,"Southampton",1,7.925
"853","Not","3rd","Webber","male",28,0,0,"Southampton",1,8.05
"854","Not","3rd","Windelov","male",21,0,0,"Southampton",1,7.25
"855","Not","3rd","Sutehall","male",25,0,0,"Southampton",1,7.05
"856","Not","3rd","Simmons","male",28,0,0,"Southampton",1,8.05
"857","Not","3rd","Slocovski","male",28,0,0,"Southampton",1,8.05
"858","Yes","3rd","Sunderland","male",16,0,0,"Southampton",1,8.05
"859","Not","3rd","Corn","male",30,0,0,"Southampton",1,8.05
"860","Yes","3rd","Sundman","male",44,0,0,"Southampton",1,7.925
"861","Not","3rd","Rintamaki","male",35,0,0,"Southampton",1,7.125
"862","Not","3rd","Kallio","male",17,0,0,"Southampton",1,7.125
"863","Not","3rd","Maenpaa","male",22,0,0,"Southampton",1,7.125
"864","Not","3rd","Sivola","male",21,0,0,"Southampton",1,7.925
"865","Yes","3rd","Lindqvist","male",20,1,0,"Southampton",1,7.925
"866","Yes","3rd","Jussila","male",32,0,0,"Southampton",1,7.925
"867","Yes","3rd","Stranden","male",31,0,0,"Southampton",1,7.925
"868","Yes","3rd","Niskanen","male",39,0,0,"Southampton",1,7.925
"869","Not","3rd","Leinonen","male",32,0,0,"Southampton",1,7.925
"870","Not","3rd","Tikkanen","male",32,0,0,"Southampton",1,7.925
"871","Not","3rd","Pekoniemi","male",21,0,0,"Southampton",1,7.925
"872","Not","3rd","Ilmakangas","female",25,1,0,"Southampton",1,7.925
"873","Not","3rd","Hakkarainen","male",28,1,0,"Southampton",2,7.925
"874","Yes","3rd","Hakkarainen","female",24,1,0,"Southampton",2,7.925
"875","Yes","3rd","Heikkinen","female",26,0,0,"Southampton",1,7.925
"876","Yes","3rd","Honkanen","female",27,0,0,"Southampton",1,7.925
"877","Not","3rd","Heininen","female",23,0,0,"Southampton",1,7.925
"878","Yes","2nd","Mellors","male",19,0,0,"Southampton",1,10.5
"879","Yes","2nd","Ridsdale","female",50,0,0,"Southampton",1,10.5
"880","Not","2nd","Coleridge","male",29,0,0,"Southampton",1,10.5
"881","Not","3rd","Johnston","female",28,1,2,"Southampton",2,11.725
"882","Not","3rd","Johnston","male",28,1,2,"Southampton",2,11.725
"883","Not","3rd","Ford","female",9,2,2,"Southampton",4,8.59375
"884","Not","3rd","Ford","female",21,2,2,"Southampton",4,8.59375
"885","Not","3rd","Ford","female",48,1,3,"Southampton",4,8.59375
"886","Not","3rd","Ford","male",16,1,3,"Southampton",4,8.59375
"887","Not","3rd","Harknett","female",28,0,0,"Southampton",1,7.55
"888","Not","1st","Chaffee","male",46,1,0,"Southampton",1,61.175
"889","Not","2nd","Harris","male",30,0,0,"Southampton",1,10.5
"890","Yes","1st","Crosby","female",36,0,2,"Southampton",2,35.5
"891","Not","1st","Crosby","male",70,1,1,"Southampton",2,35.5
